<Data>
<Message>
    <id>2140</id>
    <title>gj</title>
    <description>ghj</description>
    <location>Hermannplatz 5-6, 10967 Berlin, Germany</location>
    <lng>0</lng>
    <lat>0</lat>
    <userId>4051</userId>
    <name>manoj</name>
    <isdeleted>false</isdeleted>
    <profilePicture>Images/9b291404-bc2e-4806-88c5-08d29e65a5ad.png</profilePicture>
    <videoUrl />
    <images />
    <mediatype>0</mediatype>
    <imagePaths />
    <feedsComment />
    <commentCount>0</commentCount>
    <multiMedia>
        <id>3240</id>
        <name />
        <description />
        <url>http://www.youtube.com</url>
        <mediatype>2</mediatype>
        <likeCount>0</likeCount>
        <place />
        <createAt>0001-01-01T00:00:00</createAt>
    </multiMedia>
    <likeDislike>
        <likes>0</likes>
        <dislikes>0</dislikes>
        <userAction>2</userAction>
    </likeDislike>
    <createdAt>2020-01-02T13:32:16.7480006</createdAt>
    <code>0</code>
    <msg />
</Message>
<Message>
    <id>2141</id>
    <title>RJ</title>
    <description>dummy 2</description>
    <location>Hermann 5-6, 70327 Dallas, Texas</location>
    <lng>0</lng>
    <lat>0</lat>
    <userId>3051</userId>
    <name>Azar</name>
    <videoUrl />
    <images />
    <mediatype>0</mediatype>
    <imagePaths />
    <feedsComment />
    <commentCount>0</commentCount>
    <multiMedia>
        <id>3241</id>
        <name />
        <description />
        <url>http://www.youtube.com</url>
        <mediatype>2</mediatype>
        <likeCount>0</likeCount>
        <place />
        <createAt>0021-01-01T00:00:00</createAt>
    </multiMedia>
    <likeDislike>
        <likes>21</likes>
        <dislikes>1</dislikes>
        <userAction>22</userAction>
    </likeDislike>
    <createdAt>2021-01-02T13:32:16.7480006</createdAt>
    <code>0</code>
    <msg />
</Message>
<Message>
    <id>2143</id>
    <title>dump</title>
    <description>dummy 3</description>
    <lng>0</lng>
    <lat>0</lat>
    <userId>3051</userId>
    <name>learn spark</name>
    <videoUrl />
    <images />
    <mediatype>0</mediatype>
    <imagePaths />
    <feedsComment />
    <commentCount>0</commentCount>
    <multiMedia>
        <id>3246</id>
        <name />
        <description />
        <url>http://www.youtube.com</url>
        <mediatype>2</mediatype>
        <likeCount>0</likeCount>
        <place />
        <createAt>0021-02-01T00:00:00</createAt>
    </multiMedia>
    <likeDislike>
        <likes>0</likes>
        <dislikes>1</dislikes>
        <userAction>1</userAction>
    </likeDislike>
    <createdAt>2022-01-02T13:32:16.7480006</createdAt>
    <code>0</code>
    <msg />
</Message>
</Data>